File Name,Heuristic,Weighted,Nodes Expanded,Moves Required,Solution Cost,Estimated Branching Factor,Search Time
03x03_board_0.csv,Sliding,False,61,1.5704178024750197,0.0006968999950913712
03x03_board_1.csv,Sliding,False,83,1.93069772888325,0.010471799992956221
03x03_board_2.csv,Sliding,False,0,undefined,3.3999967854470015e-06
03x03_board_3.csv,Sliding,False,51,1.6702776523348104,0.0005053999921074137
03x03_board_4.csv,Sliding,False,16,2.080083823051904,0.0005917999951634556
03x03_board_5.csv,Sliding,False,32,1.7782794100389228,0.0006663999956799671
03x03_board_6.csv,Sliding,False,39,1.8086089434116457,0.0030352999892784283
03x03_board_7.csv,Sliding,False,65,2.075781631112427,0.004143999991356395
03x03_board_8.csv,Sliding,False,126,1.6102975492466363,0.030575600001611747
03x03_board_9.csv,Sliding,False,58,1.6188704068605666,0.0009126000077230856
03x03_board_10.csv,Sliding,False,22,2.0,0.0001849999971454963
03x03_board_11.csv,Sliding,False,75,1.919471219577405,0.009923399993567728
03x03_board_12.csv,Sliding,False,38,1.762340347832317,0.0013405999925453216
03x03_board_13.csv,Sliding,False,25,2.0,0.00046749999455641955
03x03_board_14.csv,Sliding,False,85,1.5577156943237602,0.004679499994381331
03x03_board_15.csv,Sliding,False,41,1.8211602868378718,0.0005884999991394579
03x03_board_16.csv,Sliding,False,82,1.7332895655540583,0.0036481999995885417
03x03_board_17.csv,Sliding,False,83,1.8760282590983333,0.28269180000643246
03x03_board_18.csv,Sliding,False,29,1.7320508075688772,0.0007209999894257635
03x03_board_19.csv,Sliding,False,83,1.6475489724420656,0.001375799998641014
03x03_board_20.csv,Sliding,False,72,1.912931182772389,0.002332199990632944
03x03_board_21.csv,Sliding,False,68,1.7425811234704864,0.0011876000062329695
03x03_board_22.csv,Sliding,False,117,1.703694672413253,0.10162789998867083
03x03_board_23.csv,Sliding,False,54,2.2447861343640922,0.005435799990664236
03x03_board_24.csv,Sliding,False,42,1.8171205928321397,0.00042159999429713935
03x03_board_25.csv,Sliding,False,25,1.8612097182041991,0.0010150000016437843
03x03_board_26.csv,Sliding,False,115,1.8054471575464783,0.05656579999777023
03x03_board_27.csv,Sliding,False,43,1.8211602868378718,0.0006701999955112115
03x03_board_28.csv,Sliding,False,56,2.414736402766418,0.002783899995847605
03x03_board_29.csv,Sliding,False,13,2.0,0.0002158999996026978
03x03_board_30.csv,Sliding,False,39,2.4663257145596607,0.0028597000055015087
03x03_board_31.csv,Sliding,False,61,2.307612190472001,0.02968380000675097
03x03_board_32.csv,Sliding,False,62,1.7990660963185756,0.005059700008132495
03x03_board_33.csv,Sliding,False,106,1.8111840514069084,0.1340749999944819
03x03_board_34.csv,Sliding,False,80,1.6332462531687597,0.001353300001937896
03x03_board_35.csv,Sliding,False,54,1.5334062370163875,0.0005555000097956508
03x03_board_36.csv,Sliding,False,32,2.0,0.0009061000018846244
03x03_board_37.csv,Sliding,False,37,1.912931182772389,0.00036559998989105225
03x03_board_38.csv,Sliding,False,62,2.2901720489235826,0.005271399990306236
03x03_board_39.csv,Sliding,False,41,1.8211602868378718,0.0005085000011604279
03x03_board_40.csv,Sliding,False,53,1.9306104989802708,0.03673519998847041
03x03_board_41.csv,Sliding,False,76,2.015157294432998,0.08938810000836384
03x03_board_42.csv,Sliding,False,113,1.7336268475044865,0.1489677999925334
03x03_board_43.csv,Sliding,False,37,1.8171205928321397,0.00025260000256821513
03x03_board_44.csv,Sliding,False,22,1.8171205928321397,0.0003648999991128221
03x03_board_45.csv,Sliding,False,70,1.8957594907673143,0.0047593000053893775
03x03_board_46.csv,Sliding,False,66,1.7861514677356671,0.005013399990275502
03x03_board_47.csv,Sliding,False,60,1.6437518295172258,0.0005443999980343506
03x03_board_48.csv,Sliding,False,49,1.9441612972396656,0.004261199996108189
03x03_board_49.csv,Sliding,False,64,2.449489742783178,0.03695740000694059
03x03_board_50.csv,Sliding,False,77,1.7817192207982133,0.005553499999223277
03x03_board_51.csv,Sliding,False,56,2.2894284851066637,0.02057069999864325
03x03_board_52.csv,Sliding,False,81,1.7550731890755344,0.010613599995849654
03x03_board_53.csv,Sliding,False,58,1.5874010519681994,0.0006900000007590279
03x03_board_54.csv,Sliding,False,50,2.4022488679628626,0.008162699989043176
03x03_board_55.csv,Sliding,False,61,1.875367687456439,0.021551400001044385
03x03_board_56.csv,Sliding,False,33,2.069935054081614,0.003022599994437769
03x03_board_57.csv,Sliding,False,40,1.9472943612303364,0.002471600004355423
03x03_board_58.csv,Sliding,False,42,1.681792830507429,0.000375300005543977
03x03_board_59.csv,Sliding,False,76,1.8415242173303523,0.003999000007752329
03x03_board_60.csv,Sliding,False,55,1.6739293087389882,0.0009297000069636852
03x03_board_61.csv,Sliding,False,54,1.6863768795413334,0.0009644999954616651
03x03_board_62.csv,Sliding,False,37,1.681792830507429,0.0003888000064762309
03x03_board_63.csv,Sliding,False,66,1.661000956165023,0.0011000000085914508
03x03_board_64.csv,Sliding,False,52,1.5848931924611136,0.00040580000495538116
03x03_board_65.csv,Sliding,False,69,1.6035216215125492,0.0006900000007590279
03x03_board_66.csv,Sliding,False,29,1.912931182772389,0.00045779999345541
03x03_board_67.csv,Sliding,False,74,1.6751317152082947,0.005622199998470023
03x03_board_68.csv,Sliding,False,32,2.8284271247461903,0.005107499993755482
03x03_board_69.csv,Sliding,False,68,1.7279725259604304,0.002263999995193444
03x03_board_70.csv,Sliding,False,22,2.080083823051904,0.000651299997116439
03x03_board_71.csv,Sliding,False,52,1.615394266202178,0.0005154999962542206
03x03_board_72.csv,Sliding,False,124,1.6253872812566057,0.4940180999983568
03x03_board_73.csv,Sliding,False,152,1.7489933913963598,0.5268187000037869
03x03_board_74.csv,Sliding,False,15,2.449489742783178,0.0005023999983677641
03x03_board_75.csv,Sliding,False,54,1.7320508075688772,0.00042209999810438603
03x03_board_76.csv,Sliding,False,68,1.9319707960570336,0.004216299988911487
03x03_board_77.csv,Sliding,False,62,1.992078554292416,0.05022429999371525
03x03_board_78.csv,Sliding,False,75,1.9381139683261848,0.0043308000022079796
03x03_board_79.csv,Sliding,False,73,1.8114473285278132,0.0077664999989792705
03x03_board_80.csv,Sliding,False,11,2.154434690031884,0.0008701000042492524
03x03_board_81.csv,Sliding,False,31,1.912931182772389,0.0006076999998185784
03x03_board_82.csv,Sliding,False,31,2.6431264580214155,0.016398499996284954
03x03_board_83.csv,Sliding,False,56,1.8393268557151705,0.009018900003866293
03x03_board_84.csv,Sliding,False,46,1.8612097182041991,0.0008341000066138804
03x03_board_85.csv,Sliding,False,24,1.7320508075688772,0.0004287000047042966
03x03_board_86.csv,Sliding,False,24,1.7782794100389228,0.0008043999987421557
03x03_board_87.csv,Sliding,False,32,1.8171205928321397,0.0002800999936880544
03x03_board_88.csv,Sliding,False,61,1.9559811771959306,0.004153899993980303
03x03_board_89.csv,Sliding,False,40,1.8171205928321397,0.00026950000028591603
03x03_board_90.csv,Sliding,False,56,1.681792830507429,0.00035539999953471124
03x03_board_91.csv,Sliding,False,35,1.7782794100389228,0.00042830000165849924
03x03_board_92.csv,Sliding,False,26,1.7782794100389228,0.000428599989390932
03x03_board_93.csv,Sliding,False,68,1.8192720851062585,0.006986699998378754
03x03_board_94.csv,Sliding,False,41,1.8493111942973237,0.002799200010485947
03x03_board_95.csv,Sliding,False,109,1.7397372030304152,0.019628499998361804
03x03_board_96.csv,Sliding,False,73,1.8789221206122575,0.001930099999299273
03x03_board_97.csv,Sliding,False,82,1.6177596522879036,0.0022419999877456576
03x03_board_98.csv,Sliding,False,56,1.615394266202178,0.00046799999836366624
03x03_board_99.csv,Sliding,False,49,2.0361680046403983,0.0035275999980513006
03x03_board_100.csv,Sliding,False,28,1.8171205928321397,0.0002831999881891534
03x03_board_101.csv,Sliding,False,67,1.5704178024750197,0.0006385000015143305
03x03_board_102.csv,Sliding,False,49,1.6437518295172258,0.0005074000073364004
03x03_board_103.csv,Sliding,False,52,1.681792830507429,0.0003538000019034371
03x03_board_104.csv,Sliding,False,37,2.359611061770567,0.002110400004312396
03x03_board_105.csv,Sliding,False,63,1.6952182030724354,0.0008646999922348186
03x03_board_106.csv,Sliding,False,48,1.6702776523348104,0.0005406999989645556
03x03_board_107.csv,Sliding,False,70,1.7905186905416268,0.002704200000152923
03x03_board_108.csv,Sliding,False,55,2.0102835672168715,0.007454499995219521
03x03_board_109.csv,Sliding,False,43,1.7320508075688772,0.0006272000027820468
03x03_board_110.csv,Sliding,False,39,1.8205642030260802,0.0014601000002585351
03x03_board_111.csv,Sliding,False,88,1.9440336182564744,0.0375590000039665
03x03_board_112.csv,Sliding,False,70,1.9078363458293606,0.009484299996984191
03x03_board_113.csv,Sliding,False,48,1.6952182030724354,0.0006513999978778884
03x03_board_114.csv,Sliding,False,46,1.7782794100389228,0.0007731000077910721
03x03_board_115.csv,Sliding,False,104,1.6445703293767606,0.02729909999470692
03x03_board_116.csv,Sliding,False,42,1.681792830507429,0.00041059999784920365
03x03_board_117.csv,Sliding,False,9,2.0,0.00010640000982675701
03x03_board_118.csv,Sliding,False,35,1.8612097182041991,0.0008780000061960891
03x03_board_119.csv,Sliding,False,76,1.9786024464679264,0.0029328999953577295
03x03_board_120.csv,Sliding,False,37,1.681792830507429,0.0003682999958982691
03x03_board_121.csv,Sliding,False,62,2.015270722106808,0.010336400009691715
03x03_board_122.csv,Sliding,False,44,1.8171205928321397,0.00036210000689607114
03x03_board_123.csv,Sliding,False,40,2.320595787106084,0.0026362999924458563
03x03_board_124.csv,Sliding,False,30,2.0,0.00017179999849759042
03x03_board_125.csv,Sliding,False,60,1.5874010519681994,0.0007152000034693629
03x03_board_126.csv,Sliding,False,48,1.8211602868378718,0.0006950999959371984
03x03_board_127.csv,Sliding,False,31,2.23606797749979,0.00179049999860581
03x03_board_128.csv,Sliding,False,86,1.9602301363380161,0.041197300000931136
03x03_board_129.csv,Sliding,False,64,1.8529593621474292,0.004220500006340444
03x03_board_130.csv,Sliding,False,41,1.933182044931763,0.002756799993221648
03x03_board_131.csv,Sliding,False,85,1.662464632826401,0.005607800005236641
03x03_board_132.csv,Sliding,False,41,1.681792830507429,0.00036469999758992344
03x03_board_133.csv,Sliding,False,50,1.97435048583482,0.0021600000036414713
03x03_board_134.csv,Sliding,False,48,2.168563897016068,0.012751400005072355
03x03_board_135.csv,Sliding,False,53,1.8612097182041991,0.0005267999949865043
03x03_board_136.csv,Sliding,False,30,2.0,0.000523299997439608
03x03_board_137.csv,Sliding,False,34,1.8171205928321397,0.00035370000114198774
03x03_board_138.csv,Sliding,False,80,2.014286125766365,0.06817539999610744
03x03_board_139.csv,Sliding,False,58,2.286770983670202,0.024125500000081956
03x03_board_140.csv,Sliding,False,22,2.0,0.0006123000057414174
03x03_board_141.csv,Sliding,False,40,1.8612097182041991,0.0005702999915229157
03x03_board_142.csv,Sliding,False,25,1.8171205928321397,0.0002510999911464751
03x03_board_143.csv,Sliding,False,41,1.7782794100389228,0.0008800999930826947
03x03_board_144.csv,Sliding,False,24,1.8171205928321397,0.0002851000026566908
03x03_board_145.csv,Sliding,False,7,2.0,0.00012599999899975955
03x03_board_146.csv,Sliding,False,35,2.7596690210718946,0.005221300001721829
03x03_board_147.csv,Sliding,False,76,1.6035216215125492,0.0009081000025616959
03x03_board_148.csv,Sliding,False,101,1.7475397589342223,0.026504800000111572
03x03_board_149.csv,Sliding,False,83,1.9442017443158313,0.013846899993950501
03x03_board_150.csv,Sliding,False,90,1.6960811309553872,0.01593989999673795
03x03_board_151.csv,Sliding,False,44,1.9840607811007638,0.008868600009009242
03x03_board_152.csv,Sliding,False,93,1.6780207489546366,0.019917700003134087
03x03_board_153.csv,Sliding,False,50,2.024397458499885,0.0015872999938437715
03x03_board_154.csv,Sliding,False,70,1.750089801584132,0.012053200000082143
03x03_board_155.csv,Sliding,False,77,1.9361673028804314,0.005742199995438568
03x03_board_156.csv,Sliding,False,62,1.838416287252544,0.0014072000049054623
03x03_board_157.csv,Sliding,False,74,1.6478988961956695,0.002527200005715713
03x03_board_158.csv,Sliding,False,93,1.8988221390159465,0.010200999997323379
03x03_board_159.csv,Sliding,False,69,1.8612097182041991,0.009762700006831437
03x03_board_160.csv,Sliding,False,71,1.8254374411756633,0.0019320999999763444
03x03_board_161.csv,Sliding,False,91,1.7795778987495787,0.012046700008795597
03x03_board_162.csv,Sliding,False,46,1.681792830507429,0.00036619999445974827
03x03_board_163.csv,Sliding,False,122,2.00517056813191,0.9722008999960963
03x03_board_164.csv,Sliding,False,36,1.8171205928321397,0.0004757999995490536
03x03_board_165.csv,Sliding,False,48,2.024397458499885,0.0027473000081954524
03x03_board_166.csv,Sliding,False,81,1.8154540070431917,0.013881799997761846
03x03_board_167.csv,Sliding,False,58,1.8789221206122575,0.0040496000001439825
03x03_board_168.csv,Sliding,False,16,1.8171205928321397,0.00033399999665562063
03x03_board_169.csv,Sliding,False,97,1.6426100804536923,0.004549000004772097
03x03_board_170.csv,Sliding,False,66,1.9296830849298356,0.10465490000206046
03x03_board_171.csv,Sliding,False,42,1.7411011265922482,0.0006986999942455441
03x03_board_172.csv,Sliding,False,39,1.7782794100389228,0.0005541999998968095
03x03_board_173.csv,Sliding,False,68,1.6685104410268252,0.0032929000008152798
03x03_board_174.csv,Sliding,False,57,2.0102835672168715,0.0063045999995665625
03x03_board_175.csv,Sliding,False,39,1.7782794100389228,0.0006614000012632459
03x03_board_176.csv,Sliding,False,45,1.9679896712654303,0.0009714999905554578
03x03_board_177.csv,Sliding,False,41,1.7782794100389228,0.00044269999489188194
03x03_board_178.csv,Sliding,False,81,1.8272037906136596,0.006436199997551739
03x03_board_179.csv,Sliding,False,106,1.7637107005345187,0.21009540000522975
03x03_board_180.csv,Sliding,False,26,1.7320508075688772,0.000367600005120039
03x03_board_181.csv,Sliding,False,36,1.681792830507429,0.000378400000045076
03x03_board_182.csv,Sliding,False,24,2.0,0.00021769999875687063
03x03_board_183.csv,Sliding,False,9,2.0,9.729999874252826e-05
03x03_board_184.csv,Sliding,False,13,2.0,0.00019859999883919954
03x03_board_185.csv,Sliding,False,68,1.841076104964212,0.008043400011956692
03x03_board_186.csv,Sliding,False,23,2.320595787106084,0.002057799996691756
03x03_board_187.csv,Sliding,False,24,1.9343364202676694,0.0010199000098509714
03x03_board_188.csv,Sliding,False,17,2.23606797749979,0.00048349999997299165
03x03_board_189.csv,Sliding,False,59,2.4540194545491305,0.012246099999174476
03x03_board_190.csv,Sliding,False,49,1.7528025632357591,0.0014258000010158867
03x03_board_191.csv,Sliding,False,29,1.7782794100389228,0.0008161000005202368
03x03_board_192.csv,Sliding,False,76,1.752590732761175,0.01018530000874307
03x03_board_193.csv,Sliding,False,32,1.681792830507429,0.00033129999064840376
03x03_board_194.csv,Sliding,False,71,1.9960667833843273,0.04817930000717752
03x03_board_195.csv,Sliding,False,36,1.6437518295172258,0.0005673999985447153
03x03_board_196.csv,Sliding,False,9,2.0,0.00010879999899771065
03x03_board_197.csv,Sliding,False,7,2.0,0.00011670000094454736
03x03_board_198.csv,Sliding,False,48,2.0476725110792193,0.002527500008000061
03x03_board_199.csv,Sliding,False,45,1.838416287252544,0.000861699998495169
03x03_board_200.csv,Sliding,False,89,1.7271606786985354,0.05062889998953324
03x03_board_201.csv,Sliding,False,122,1.9612026039717951,0.702555099996971
03x03_board_202.csv,Sliding,False,54,1.8019831273171423,0.0009507999930065125
03x03_board_203.csv,Sliding,False,35,1.8171205928321397,0.00036689999978989363
03x03_board_204.csv,Sliding,False,30,2.0,0.0002043999993475154
03x03_board_205.csv,Sliding,False,65,1.762734383267615,0.0012261000083526596
03x03_board_206.csv,Sliding,False,32,1.8171205928321397,0.0004391999973449856
03x03_board_207.csv,Sliding,False,58,1.7998921637913432,0.0028728000033879653
03x03_board_208.csv,Sliding,False,55,1.5848931924611136,0.0004405999934533611
03x03_board_209.csv,Sliding,False,28,2.0,0.00043530001130420715
03x03_board_210.csv,Sliding,False,25,2.0,0.000291000003926456
03x03_board_211.csv,Sliding,False,45,2.1315255132709487,0.003365299999131821
03x03_board_212.csv,Sliding,False,72,1.7099759466766968,0.0017038999940268695
03x03_board_213.csv,Sliding,False,58,1.7411011265922482,0.0008158999989973381
03x03_board_214.csv,Sliding,False,32,1.8171205928321397,0.0009275999909732491
03x03_board_215.csv,Sliding,False,29,2.080083823051904,0.0009224000095855445
03x03_board_216.csv,Sliding,False,49,1.7782794100389228,0.0006310000026132911
03x03_board_217.csv,Sliding,False,77,2.1080537276795486,0.03468250000150874
03x03_board_218.csv,Sliding,False,65,1.7632956017130763,0.00559679999423679
03x03_board_219.csv,Sliding,False,64,1.4859942891369484,0.0008119999984046444
03x03_board_220.csv,Sliding,False,40,1.681792830507429,0.0003651000006357208
03x03_board_221.csv,Sliding,False,48,2.0,0.0023053000040818006
03x03_board_222.csv,Sliding,False,76,1.6096700429718274,0.0012750999885611236
03x03_board_223.csv,Sliding,False,49,2.141127368338324,0.003358299989486113
03x03_board_224.csv,Sliding,False,43,1.8612097182041991,0.0008017999934963882
03x03_board_225.csv,Sliding,False,52,1.7998921637913432,0.0027581999893300235
03x03_board_226.csv,Sliding,False,0,undefined,2.6999914553016424e-06
03x03_board_227.csv,Sliding,False,47,2.1406951429280725,0.0013288999907672405
03x03_board_228.csv,Sliding,False,84,2.075247050695534,0.12861860000703018
03x03_board_229.csv,Sliding,False,56,1.5334062370163875,0.0008927999879233539
03x03_board_230.csv,Sliding,False,69,1.7817192207982133,0.005180899999686517
03x03_board_231.csv,Sliding,False,58,2.1090187721162255,0.011956300004385412
03x03_board_232.csv,Sliding,False,13,2.0,0.0001176999940071255
03x03_board_233.csv,Sliding,False,27,1.8171205928321397,0.0002516999957151711
03x03_board_234.csv,Sliding,False,50,1.6702776523348104,0.0009325999999418855
03x03_board_235.csv,Sliding,False,75,1.7320508075688772,0.001941800001077354
03x03_board_236.csv,Sliding,False,77,2.2330765665867003,0.015240700013237074
03x03_board_237.csv,Sliding,False,80,1.6319636450805155,0.01771319999534171
03x03_board_238.csv,Sliding,False,57,2.015328286023317,0.0064984000055119395
03x03_board_239.csv,Sliding,False,57,1.6685104410268252,0.0017760999908205122
03x03_board_240.csv,Sliding,False,44,1.5848931924611136,0.00047130000893957913
03x03_board_241.csv,Sliding,False,65,1.9617597027354816,0.0026427999982843176
03x03_board_242.csv,Sliding,False,50,2.4484798507285492,0.008470299988402985
03x03_board_243.csv,Sliding,False,78,1.6466408667027277,0.0055675000039627776
03x03_board_244.csv,Sliding,False,20,1.8171205928321397,0.00032199999259319156
03x03_board_245.csv,Sliding,False,35,1.7782794100389228,0.0006861999863758683
03x03_board_246.csv,Sliding,False,26,1.8171205928321397,0.00025850000383798033
03x03_board_247.csv,Sliding,False,108,1.8768652507677428,0.06815370000549592
03x03_board_248.csv,Sliding,False,37,1.8211602868378718,0.0007072000007610768
03x03_board_249.csv,Sliding,False,7,2.0,0.00012499999138526618
03x03_board_250.csv,Sliding,False,57,1.8569375973313509,0.0017576999962329865
03x03_board_251.csv,Sliding,False,76,1.6612251566455085,0.004974900002707727
03x03_board_252.csv,Sliding,False,82,1.7174440379730846,0.007735899998806417
03x03_board_253.csv,Sliding,False,50,1.9186451916253062,0.0011076000082539394
03x03_board_254.csv,Sliding,False,48,2.0912791051825463,0.003274800008512102
03x03_board_255.csv,Sliding,False,42,1.7320508075688772,0.00039030000334605575
03x03_board_256.csv,Sliding,False,39,1.961009057454548,0.0021044000022811815
03x03_board_257.csv,Sliding,False,89,1.6486864043382532,0.009240600003977306
03x03_board_258.csv,Sliding,False,56,2.0300948992124868,0.0033774000039556995
03x03_board_259.csv,Sliding,False,101,1.7450678056957183,0.005135200000950135
03x03_board_260.csv,Sliding,False,88,1.801648230654411,0.01813100000435952
03x03_board_261.csv,Sliding,False,21,2.0,0.00018149999959859997
03x03_board_262.csv,Sliding,False,43,1.7320508075688772,0.0005956999957561493
03x03_board_263.csv,Sliding,False,124,1.6671515368778327,0.06882079999195412
03x03_board_264.csv,Sliding,False,38,1.8612097182041991,0.0008165000035660341
03x03_board_265.csv,Sliding,False,141,1.7391557149794967,1.1930081000027712
03x03_board_266.csv,Sliding,False,108,1.8145039555557434,0.16578589999699034
03x03_board_267.csv,Sliding,False,76,1.5448576602501738,0.0008706999942660332
03x03_board_268.csv,Sliding,False,81,1.573118124014776,0.0027531000087037683
03x03_board_269.csv,Sliding,False,93,1.7279725259604304,0.0019653000053949654
03x03_board_270.csv,Sliding,False,74,1.5650656079602396,0.0017288999952143058
03x03_board_271.csv,Sliding,False,57,1.912931182772389,0.002284299989696592
03x03_board_272.csv,Sliding,False,55,2.305058100333494,0.020750600000610575
03x03_board_273.csv,Sliding,False,38,1.7320508075688772,0.0003723999980138615
03x03_board_274.csv,Sliding,False,45,1.8612097182041991,0.0006028000061633065
03x03_board_275.csv,Sliding,False,44,1.838416287252544,0.0009801999985938892
03x03_board_276.csv,Sliding,False,37,1.7782794100389228,0.00082970000221394
03x03_board_277.csv,Sliding,False,45,2.0,0.00045870000030845404
03x03_board_278.csv,Sliding,False,75,1.962209761146562,0.006600099994102493
03x03_board_279.csv,Sliding,False,60,1.5848931924611136,0.0004417000018293038
03x03_board_280.csv,Sliding,False,71,1.6952182030724354,0.0009143000061158091
03x03_board_281.csv,Sliding,False,60,1.7225554709126916,0.0037893999979132786
03x03_board_282.csv,Sliding,False,40,1.8171205928321397,0.00029229999927338213
03x03_board_283.csv,Sliding,False,47,1.681792830507429,0.00043229998846072704
03x03_board_284.csv,Sliding,False,53,1.5334062370163875,0.0005701000045519322
03x03_board_285.csv,Sliding,False,15,2.0,0.00010800000745803118
03x03_board_286.csv,Sliding,False,25,2.0,0.00026149999757763
03x03_board_287.csv,Sliding,False,36,1.7782794100389228,0.0004737999988719821
03x03_board_288.csv,Sliding,False,42,2.0361680046403983,0.0028836999990744516
03x03_board_289.csv,Sliding,False,66,1.7187719275874789,0.0008868000004440546
03x03_board_290.csv,Sliding,False,7,2.0,0.00012090000382158905
03x03_board_291.csv,Sliding,False,20,1.912931182772389,0.0003203000087523833
03x03_board_292.csv,Sliding,False,86,1.846255155552043,0.009964900003978983
03x03_board_293.csv,Sliding,False,23,2.23606797749979,0.00033799999800976366
03x03_board_294.csv,Sliding,False,75,1.7125922128949782,0.0036576000129571185
03x03_board_295.csv,Sliding,False,72,1.919471219577405,0.010217000002739951
03x03_board_296.csv,Sliding,False,9,2.0,0.00010960000508930534
03x03_board_297.csv,Sliding,False,43,1.8644105355008187,0.0032147999881999567
03x03_board_298.csv,Sliding,False,69,1.6863768795413334,0.000998899995465763
03x03_board_299.csv,Sliding,False,51,1.5524632891554087,0.0006271000020205975
03x03_board_300.csv,Sliding,False,66,1.8340080864093424,0.008381899999221787
03x03_board_301.csv,Sliding,False,84,2.158709474119085,0.5777544000011403
03x03_board_302.csv,Sliding,False,67,1.8513344634396645,0.024226099994848482
03x03_board_303.csv,Sliding,False,36,2.2603224696268156,0.008328800002345815
03x03_board_304.csv,Sliding,False,41,1.681792830507429,0.0007060999923851341
03x03_board_305.csv,Sliding,False,40,1.912931182772389,0.00030860000697430223
03x03_board_306.csv,Sliding,False,69,1.7332895655540583,0.0037019000010332093
03x03_board_307.csv,Sliding,False,6,2.0,0.00011660000018309802
03x03_board_308.csv,Sliding,False,65,1.8086089434116457,0.002587599999969825
03x03_board_309.csv,Sliding,False,22,1.8171205928321397,0.0002868000010494143
03x03_board_310.csv,Sliding,False,64,1.534127404634391,0.001189699993119575
03x03_board_311.csv,Sliding,False,111,1.692605434332267,0.01584589999401942
03x03_board_312.csv,Sliding,False,57,1.8859727740585395,0.0019690000044647604
03x03_board_313.csv,Sliding,False,54,2.025232314995578,0.006548000004841015
03x03_board_314.csv,Sliding,False,17,2.0,0.0001306000049225986
03x03_board_315.csv,Sliding,False,71,2.4202822154969144,0.035076200001640245
03x03_board_316.csv,Sliding,False,30,1.8171205928321397,0.0006821999995736405
03x03_board_317.csv,Sliding,False,91,1.90085699615594,0.03444009998929687
03x03_board_318.csv,Sliding,False,22,1.912931182772389,0.0010707000037655234
03x03_board_319.csv,Sliding,False,74,1.7260758597093215,0.017978899995796382
03x03_board_320.csv,Sliding,False,26,2.449489742783178,0.0004006999952252954
03x03_board_321.csv,Sliding,False,50,1.681792830507429,0.0003915000124834478
03x03_board_322.csv,Sliding,False,93,1.57045398358553,0.0022736999962944537
03x03_board_323.csv,Sliding,False,59,1.8415242173303523,0.0023594999947817996
03x03_board_324.csv,Sliding,False,76,1.9172213297236995,0.2715572000015527
03x03_board_325.csv,Sliding,False,58,1.912931182772389,0.0022838000004412606
03x03_board_326.csv,Sliding,False,14,2.0,0.00020249999943189323
03x03_board_327.csv,Sliding,False,103,1.660144196442014,0.037051299994345754
03x03_board_328.csv,Sliding,False,78,1.7826866880669934,0.008365100002265535
03x03_board_329.csv,Sliding,False,39,2.0,0.0005294000002322719
03x03_board_330.csv,Sliding,False,104,1.6931330293059397,0.10027049999916926
03x03_board_331.csv,Sliding,False,47,2.0,0.0010494000016478822
03x03_board_332.csv,Sliding,False,31,1.8171205928321397,0.0002820999943651259
03x03_board_333.csv,Sliding,False,53,1.9674543554115294,0.0050869999977294356
03x03_board_334.csv,Sliding,False,33,2.0,0.0005169000069145113
03x03_board_335.csv,Sliding,False,33,1.8569375973313509,0.001939099995070137
03x03_board_336.csv,Sliding,False,26,2.0,0.00021220000053290278
03x03_board_337.csv,Sliding,False,13,2.0,0.00010930000280495733
03x03_board_338.csv,Sliding,False,42,2.340347319320716,0.0023486999998567626
03x03_board_339.csv,Sliding,False,96,1.7036748881745338,0.018567200007964857
03x03_board_340.csv,Sliding,False,94,1.7809449822075636,0.04085119999945164
03x03_board_341.csv,Sliding,False,37,1.681792830507429,0.0003880000003846362
03x03_board_342.csv,Sliding,False,55,1.8996910486020337,0.004168800005572848
03x03_board_343.csv,Sliding,False,24,2.0,0.0002199000009568408
03x03_board_344.csv,Sliding,False,51,2.3045316198021406,0.00668789999326691
03x03_board_345.csv,Sliding,False,12,2.0,0.00020149999181739986
03x03_board_346.csv,Sliding,False,19,2.449489742783178,0.0004428999964147806
03x03_board_347.csv,Sliding,False,30,1.8211602868378718,0.00087189998885151
03x03_board_348.csv,Sliding,False,48,1.7782794100389228,0.0007554000039817765
03x03_board_349.csv,Sliding,False,63,2.1826667318785606,0.045572799994261004
03x03_board_350.csv,Sliding,False,27,2.0,0.00018689999706111848
03x03_board_351.csv,Sliding,False,40,1.9343364202676694,0.0007010999979684129
03x03_board_352.csv,Sliding,False,50,1.5334062370163875,0.0005316999886417761
03x03_board_353.csv,Sliding,False,66,1.6002342334892772,0.0033059999987017363
03x03_board_354.csv,Sliding,False,52,1.7187719275874789,0.0011180000001331791
03x03_board_355.csv,Sliding,False,18,2.0,0.0002038000093307346
03x03_board_356.csv,Sliding,False,38,1.8612097182041991,0.0005301000055624172
03x03_board_357.csv,Sliding,False,97,1.6960811309553872,0.01600210000469815
03x03_board_358.csv,Sliding,False,49,1.7187719275874789,0.0012648999982047826
03x03_board_359.csv,Sliding,False,35,1.8171205928321397,0.00030890000925865024
03x03_board_360.csv,Sliding,False,46,1.8254374411756633,0.002891500000259839
03x03_board_361.csv,Sliding,False,23,1.8171205928321397,0.00028369999199640006
03x03_board_362.csv,Sliding,False,40,2.0,0.0012728000001516193
03x03_board_363.csv,Sliding,False,56,1.7187719275874789,0.0006475000118371099
03x03_board_364.csv,Sliding,False,42,1.8171205928321397,0.00039670000842306763
03x03_board_365.csv,Sliding,False,48,2.013131359249793,0.016348500008461997
03x03_board_366.csv,Sliding,False,40,1.615394266202178,0.0005093999934615567
03x03_board_367.csv,Sliding,False,67,2.0,0.016983800000161864
03x03_board_368.csv,Sliding,False,67,1.6702776523348104,0.0006061000021873042
03x03_board_369.csv,Sliding,False,37,2.0051747451504216,0.0034731000050669536
03x03_board_370.csv,Sliding,False,44,1.681792830507429,0.00034649998997338116
03x03_board_371.csv,Sliding,False,25,2.0,0.0002032000047620386
03x03_board_372.csv,Sliding,False,17,2.0,0.0003355999942868948
03x03_board_373.csv,Sliding,False,129,1.8882399083761665,0.31384640000760555
03x03_board_374.csv,Sliding,False,71,1.7536325441928295,0.0040019999869400635
03x03_board_375.csv,Sliding,False,24,2.0,0.00019209999300073832
03x03_board_376.csv,Sliding,False,80,2.0216083017215674,0.017485199990915135
03x03_board_377.csv,Sliding,False,33,1.8612097182041991,0.0009251000010408461
03x03_board_378.csv,Sliding,False,31,2.0,0.00021209999977145344
03x03_board_379.csv,Sliding,False,65,1.7536325441928295,0.00420099998882506
03x03_board_380.csv,Sliding,False,19,2.571281590658235,0.0012324999988777563
03x03_board_381.csv,Sliding,False,37,1.681792830507429,0.000371000001905486
03x03_board_382.csv,Sliding,False,23,1.8171205928321397,0.00030949999927543104
03x03_board_383.csv,Sliding,False,42,1.7528025632357591,0.0022268000029725954
03x03_board_384.csv,Sliding,False,37,1.7320508075688772,0.0006073999975342304
03x03_board_385.csv,Sliding,False,42,1.7320508075688772,0.000414699999964796
03x03_board_386.csv,Sliding,False,49,1.97435048583482,0.002215000000433065
03x03_board_387.csv,Sliding,False,47,1.8019831273171423,0.0008258000016212463
03x03_board_388.csv,Sliding,False,16,1.8171205928321397,0.0003127999952994287
03x03_board_389.csv,Sliding,False,54,2.0396489026555056,0.006851500002085231
03x03_board_390.csv,Sliding,False,61,1.8564688051852951,0.007482400003937073
03x03_board_391.csv,Sliding,False,92,1.81239813306352,0.01853020000271499
03x03_board_392.csv,Sliding,False,87,1.8939941990133677,0.1560547000117367
03x03_board_393.csv,Sliding,False,54,1.7187719275874789,0.0006863000016892329
03x03_board_394.csv,Sliding,False,50,2.390115677352187,0.00956370000494644
03x03_board_395.csv,Sliding,False,107,1.793382684397569,0.012618399996426888
03x03_board_396.csv,Sliding,False,36,1.961009057454548,0.0022441000037360936
03x03_board_397.csv,Sliding,False,38,2.39678172692843,0.002418699994450435
03x03_board_398.csv,Sliding,False,133,1.7365401144129784,0.15924290000111796
03x03_board_399.csv,Sliding,False,28,2.4101422641752297,0.0012641000066651031
03x03_board_400.csv,Sliding,False,29,1.8171205928321397,0.0002573999954620376
03x03_board_401.csv,Sliding,False,72,2.1090187721162255,0.009219999992637895
03x03_board_402.csv,Sliding,False,71,1.98864779527583,0.007967000012286007
03x03_board_403.csv,Sliding,False,43,1.7320508075688772,0.000665700004901737
03x03_board_404.csv,Sliding,False,24,2.0,0.00019619999511633068
03x03_board_405.csv,Sliding,False,83,1.9787160786882092,0.0421758000011323
03x03_board_406.csv,Sliding,False,102,1.8250652064719415,0.07007509999675676
03x03_board_407.csv,Sliding,False,18,2.0,0.00023749998945277184
03x03_board_408.csv,Sliding,False,88,1.479844148244957,0.0009171000128844753
03x03_board_409.csv,Sliding,False,57,1.762734383267615,0.001313300002948381
03x03_board_410.csv,Sliding,False,24,1.912931182772389,0.00029969999741297215
03x03_board_411.csv,Sliding,False,24,2.080083823051904,0.0006307999865384772
03x03_board_412.csv,Sliding,False,45,2.2901720489235826,0.0049999000038951635
03x03_board_413.csv,Sliding,False,106,1.72626230073693,0.020177400001557544
03x03_board_414.csv,Sliding,False,66,1.7099759466766968,0.0016109999996842816
03x03_board_415.csv,Sliding,False,64,2.0051747451504216,0.0065854999993462116
03x03_board_416.csv,Sliding,False,11,2.0,0.00015659999917261302
03x03_board_417.csv,Sliding,False,69,1.762734383267615,0.0022071999992476776
03x03_board_418.csv,Sliding,False,62,1.5874010519681994,0.0007200999971246347
03x03_board_419.csv,Sliding,False,76,1.7723940454626315,0.002167900005588308
03x03_board_420.csv,Sliding,False,6,2.0,0.00012880000576842576
03x03_board_421.csv,Sliding,False,14,2.0,0.00016580001101829112
03x03_board_422.csv,Sliding,False,67,1.892894046431534,0.004062199994223192
03x03_board_423.csv,Sliding,False,17,2.23606797749979,0.00033340000663883984
03x03_board_424.csv,Sliding,False,32,1.8171205928321397,0.0003691999881993979
03x03_board_425.csv,Sliding,False,109,1.854832529526323,0.09819839999545366
03x03_board_426.csv,Sliding,False,86,1.912931182772389,0.00213870000152383
03x03_board_427.csv,Sliding,False,65,2.121747460841898,0.004101400001673028
03x03_board_428.csv,Sliding,False,55,1.9441612972396656,0.002266399998916313
03x03_board_429.csv,Sliding,False,85,1.819427890884289,0.0031906999938655645
03x03_board_430.csv,Sliding,False,61,1.7995921316966148,0.02145559999917168
03x03_board_431.csv,Sliding,False,64,1.933182044931763,0.003496999997878447
03x03_board_432.csv,Sliding,False,30,1.8171205928321397,0.00043149999692104757
03x03_board_433.csv,Sliding,False,88,1.7129945017319592,0.016303399999742396
03x03_board_434.csv,Sliding,False,106,1.672190139021865,0.09078520000912249
03x03_board_435.csv,Sliding,False,82,1.8546672553993055,0.011667600003420375
03x03_board_436.csv,Sliding,False,72,1.661809162655884,0.0015506000054301694
03x03_board_437.csv,Sliding,False,46,1.961009057454548,0.0022505999950226396
03x03_board_438.csv,Sliding,False,35,1.912931182772389,0.00027970000519417226
03x03_board_439.csv,Sliding,False,11,2.23606797749979,0.00035930000012740493
03x03_board_440.csv,Sliding,False,131,1.6738555849799543,0.03087529999902472
03x03_board_441.csv,Sliding,False,110,1.97297699980298,0.15501479999511503
03x03_board_442.csv,Sliding,False,71,1.8272037906136596,0.006420499994419515
03x03_board_443.csv,Sliding,False,52,1.933182044931763,0.0020007999992230907
03x03_board_444.csv,Sliding,False,74,1.6549417125915038,0.002798300003632903
03x03_board_445.csv,Sliding,False,52,1.8019831273171423,0.0015994999994290993
03x03_board_446.csv,Sliding,False,10,2.0,0.00021179999748710543
03x03_board_447.csv,Sliding,False,84,1.728877980101402,0.009230900002876297
03x03_board_448.csv,Sliding,False,80,1.9193831036664843,0.0024585000064689666
03x03_board_449.csv,Sliding,False,44,2.0597671439071177,0.0013980999938212335
03x03_board_450.csv,Sliding,False,53,1.838416287252544,0.0008104000007733703
03x03_board_451.csv,Sliding,False,24,1.7782794100389228,0.0006752000044798478
03x03_board_452.csv,Sliding,False,22,2.0,0.00019779999274760485
03x03_board_453.csv,Sliding,False,96,1.8421848813929855,0.006729900007485412
03x03_board_454.csv,Sliding,False,68,2.217810797714433,0.013966300000902265
03x03_board_455.csv,Sliding,False,42,1.9343364202676694,0.0013805000053253025
03x03_board_456.csv,Sliding,False,37,1.681792830507429,0.00047729999641887844
03x03_board_457.csv,Sliding,False,43,1.912931182772389,0.00043590000132098794
03x03_board_458.csv,Sliding,False,68,1.9441612972396656,0.0048439000092912465
03x03_board_459.csv,Sliding,False,42,1.9343364202676694,0.0010843000054592267
03x03_board_460.csv,Sliding,False,79,1.9792775959210407,0.01615979999769479
03x03_board_461.csv,Sliding,False,23,2.0,0.0005280000041238964
03x03_board_462.csv,Sliding,False,54,1.838416287252544,0.001488399997469969
03x03_board_463.csv,Sliding,False,60,1.6475489724420656,0.0012793999921996146
03x03_board_464.csv,Sliding,False,63,1.6863768795413334,0.0018103999900631607
03x03_board_465.csv,Sliding,False,48,1.5704178024750197,0.0013057000032858923
03x03_board_466.csv,Sliding,False,57,2.114742526881128,0.002448499988531694
03x03_board_467.csv,Sliding,False,24,2.0,0.0002604999899631366
03x03_board_468.csv,Sliding,False,34,2.087797629929844,0.001196700002765283
03x03_board_469.csv,Sliding,False,90,1.8701222535385968,0.007478200001060031
03x03_board_470.csv,Sliding,False,107,1.55934385287342,0.0043907999934162945
03x03_board_471.csv,Sliding,False,59,1.5026978619646818,0.0024176000006264076
03x03_board_472.csv,Sliding,False,112,1.776790674778648,0.356231800004025
03x03_board_473.csv,Sliding,False,53,1.7187719275874789,0.0005442999972729012
03x03_board_474.csv,Sliding,False,20,2.0,0.0001947999990079552
03x03_board_475.csv,Sliding,False,89,1.7376702754484137,0.05966369999805465
03x03_board_476.csv,Sliding,False,80,2.062600510306105,0.007779600011417642
03x03_board_477.csv,Sliding,False,45,1.9873407546644581,0.004155600006924942
03x03_board_478.csv,Sliding,False,85,1.5226702163025172,0.001944299991009757
03x03_board_479.csv,Sliding,False,0,undefined,3.000008291564882e-06
03x03_board_480.csv,Sliding,False,81,1.9388676966843863,0.019809999997960404
03x03_board_481.csv,Sliding,False,60,2.2754430321145303,0.005266499996650964
03x03_board_482.csv,Sliding,False,46,2.282855055701629,0.006063799999537878
03x03_board_483.csv,Sliding,False,51,1.8612097182041991,0.0007293000089703128
03x03_board_484.csv,Sliding,False,87,1.776239025014533,0.012219800002640113
03x03_board_485.csv,Sliding,False,15,1.912931182772389,0.00046100000326987356
03x03_board_486.csv,Sliding,False,62,2.0738790316260745,0.026469099990208633
03x03_board_487.csv,Sliding,False,48,1.6437518295172258,0.0011266999936196953
03x03_board_488.csv,Sliding,False,66,1.5746101062584457,0.0012886000040452927
03x03_board_489.csv,Sliding,False,31,2.0,0.0006182999932207167
03x03_board_490.csv,Sliding,False,34,1.8211602868378718,0.0004926999972667545
03x03_board_491.csv,Sliding,False,98,1.6285394008079637,0.0407755000051111
03x03_board_492.csv,Sliding,False,82,2.1839855656661338,0.07892889999493491
03x03_board_493.csv,Sliding,False,102,1.6451973109700686,0.032390699998359196
03x03_board_494.csv,Sliding,False,45,1.7723940454626315,0.002209500002209097
03x03_board_495.csv,Sliding,False,78,1.9381139683261848,0.004837500004214235
03x03_board_496.csv,Sliding,False,30,1.8556007362580844,0.0009540000028209761
03x03_board_497.csv,Sliding,False,52,2.025232314995578,0.003602199998567812
03x03_board_498.csv,Sliding,False,36,1.681792830507429,0.0003887999919243157
03x03_board_499.csv,Sliding,False,69,1.9361673028804314,0.013697100002900697
03x03_board_500.csv,Sliding,False,31,2.0,0.00020300000323913991
03x03_board_501.csv,Sliding,False,66,1.6478988961956695,0.0014445999986492097
03x03_board_502.csv,Sliding,False,34,1.7411011265922482,0.0012858000118285418
03x03_board_503.csv,Sliding,False,59,1.7817974362806785,0.002586699993116781
03x03_board_504.csv,Sliding,False,53,1.8086089434116457,0.0019394999981159344
03x03_board_505.csv,Sliding,False,21,1.7782794100389228,0.0004597000079229474
03x03_board_506.csv,Sliding,False,31,1.8612097182041991,0.0005193999968469143
03x03_board_507.csv,Sliding,False,86,1.6751317152082947,0.005447000003186986
03x03_board_508.csv,Sliding,False,60,1.9617597027354816,0.006584500006283633
03x03_board_509.csv,Sliding,False,36,1.681792830507429,0.0003922000032616779
03x03_board_510.csv,Sliding,False,101,1.7659097190467334,0.024181000000680797
03x03_board_511.csv,Sliding,False,49,1.906368585993873,0.004196599998977035
03x03_board_512.csv,Sliding,False,30,1.912931182772389,0.0008524000004399568
03x03_board_513.csv,Sliding,False,39,1.681792830507429,0.0003525000065565109
03x03_board_514.csv,Sliding,False,42,2.087797629929844,0.0014163000014377758
03x03_board_515.csv,Sliding,False,51,1.6952182030724354,0.0006312000041361898
03x03_board_516.csv,Sliding,False,62,1.6952182030724354,0.0006556000007549301
03x03_board_517.csv,Sliding,False,58,1.8205642030260802,0.0022050999978091568
03x03_board_518.csv,Sliding,False,88,1.873444004574479,0.004107400003704242
03x03_board_519.csv,Sliding,False,12,2.0,0.00020539999241009355
03x03_board_520.csv,Sliding,False,63,1.7760467745895387,0.0056099999928846955
03x03_board_521.csv,Sliding,False,95,1.65667160341297,0.005303500001900829
03x03_board_522.csv,Sliding,False,62,1.9381139683261848,0.004176300004473887
03x03_board_523.csv,Sliding,False,27,1.8171205928321397,0.0002707000094233081
03x03_board_524.csv,Sliding,False,16,2.23606797749979,0.0004727000050479546
03x03_board_525.csv,Sliding,False,73,1.7760467745895387,0.01631029999407474
03x03_board_526.csv,Sliding,False,73,1.8633705570352759,0.007153800004743971
03x03_board_527.csv,Sliding,False,25,1.8171205928321397,0.0003184000088367611
03x03_board_528.csv,Sliding,False,39,1.8211602868378718,0.0004797000001417473
03x03_board_529.csv,Sliding,False,61,1.906368585993873,0.0023809999984223396
03x03_board_530.csv,Sliding,False,35,1.912931182772389,0.0004292999947210774
03x03_board_531.csv,Sliding,False,54,1.6702776523348104,0.0005900999967707321
03x03_board_532.csv,Sliding,False,39,1.681792830507429,0.0003328000020701438
03x03_board_533.csv,Sliding,False,39,1.9343364202676694,0.0008901999972295016
03x03_board_534.csv,Sliding,False,98,1.9172300490976206,0.04816879999998491
03x03_board_535.csv,Sliding,False,95,1.4234978142529127,0.0022675000072922558
03x03_board_536.csv,Sliding,False,49,1.7782794100389228,0.0004293999954825267
03x03_board_537.csv,Sliding,False,52,2.3185419629780504,0.006293700003880076
03x03_board_538.csv,Sliding,False,57,1.8211602868378718,0.0007742000016150996
03x03_board_539.csv,Sliding,False,87,1.5026978619646818,0.001259199998457916
03x03_board_540.csv,Sliding,False,45,1.8988289221159418,0.0011455999920144677
03x03_board_541.csv,Sliding,False,50,1.8612097182041991,0.0006892999954288825
03x03_board_542.csv,Sliding,False,29,1.8171205928321397,0.0003657000052044168
03x03_board_543.csv,Sliding,False,59,1.961009057454548,0.001596300004166551
03x03_board_544.csv,Sliding,False,8,2.0,0.00011609999637585133
03x03_board_545.csv,Sliding,False,131,1.8561070604584604,0.6460250000091037
03x03_board_546.csv,Sliding,False,36,1.7320508075688772,0.0016183000116143376
03x03_board_547.csv,Sliding,False,46,1.7782794100389228,0.000535300001502037
03x03_board_548.csv,Sliding,False,42,1.6863768795413334,0.0010160000092582777
03x03_board_549.csv,Sliding,False,23,2.0,0.000571299999137409
03x03_board_550.csv,Sliding,False,41,1.7187719275874789,0.0011227999930270016
03x03_board_551.csv,Sliding,False,36,2.0597671439071177,0.0012560000031953678
03x03_board_552.csv,Sliding,False,25,1.912931182772389,0.0005515999946510419
03x03_board_553.csv,Sliding,False,21,2.0,0.0002182000025641173
03x03_board_554.csv,Sliding,False,74,2.2593071331719075,0.020862099991063587
03x03_board_555.csv,Sliding,False,37,2.168943542395397,0.00538560000131838
03x03_board_556.csv,Sliding,False,68,1.994757430841252,0.003184099987265654
03x03_board_557.csv,Sliding,False,40,1.8612097182041991,0.0008424999978160486
03x03_board_558.csv,Sliding,False,51,2.067041044995942,0.008636099999421276
03x03_board_559.csv,Sliding,False,30,2.0,0.00017590000061318278
03x03_board_560.csv,Sliding,False,39,1.681792830507429,0.000351999988197349
03x03_board_561.csv,Sliding,False,31,2.080083823051904,0.0005607999919448048
03x03_board_562.csv,Sliding,False,64,1.794822921379288,0.00560570000379812
03x03_board_563.csv,Sliding,False,81,1.891714013365493,0.010464000006322749
03x03_board_564.csv,Sliding,False,76,1.675385743244959,0.005740499997045845
03x03_board_565.csv,Sliding,False,80,1.9319707960570336,0.004406399995787069
03x03_board_566.csv,Sliding,False,57,1.5524632891554087,0.000610999995842576
03x03_board_567.csv,Sliding,False,76,1.8415242173303523,0.001659700006712228
03x03_board_568.csv,Sliding,False,145,1.6305408338781793,0.6697540000022855
03x03_board_569.csv,Sliding,False,29,1.8612097182041991,0.0008053000055951998
03x03_board_570.csv,Sliding,False,46,1.9257283736981676,0.004541000002063811
03x03_board_571.csv,Sliding,False,64,1.8494095794080556,0.003240399993956089
03x03_board_572.csv,Sliding,False,49,1.6335243030704945,0.000818300002720207
03x03_board_573.csv,Sliding,False,62,1.661000956165023,0.000993099994957447
03x03_board_574.csv,Sliding,False,56,1.6814477288240623,0.0016933999868342653
03x03_board_575.csv,Sliding,False,60,2.282855055701629,0.005645400000503287
03x03_board_576.csv,Sliding,False,63,2.305058100333494,0.019327900008647703
03x03_board_577.csv,Sliding,False,47,1.762734383267615,0.002618300000904128
03x03_board_578.csv,Sliding,False,30,1.8211602868378718,0.0008551999926567078
03x03_board_579.csv,Sliding,False,14,2.0,0.00031230000604409724
03x03_board_580.csv,Sliding,False,39,1.681792830507429,0.0003239999932702631
03x03_board_581.csv,Sliding,False,39,1.8612097182041991,0.0007120000082068145
03x03_board_582.csv,Sliding,False,67,1.7990660963185756,0.005144599999766797
03x03_board_583.csv,Sliding,False,13,2.0,0.00011049999739043415
03x03_board_584.csv,Sliding,False,47,1.7411011265922482,0.0009965999925043434
03x03_board_585.csv,Sliding,False,79,1.6000645937889264,0.0280514000041876
03x03_board_586.csv,Sliding,False,54,2.4200014069659623,0.008398100006161258
03x03_board_587.csv,Sliding,False,79,1.7848620396419914,0.010779100004583597
03x03_board_588.csv,Sliding,False,35,1.615394266202178,0.00048600000445730984
03x03_board_589.csv,Sliding,False,111,1.65667160341297,0.009205699985614046
03x03_board_590.csv,Sliding,False,41,1.681792830507429,0.0003301999968243763
03x03_board_591.csv,Sliding,False,92,1.6317213032934124,0.01129419999779202
03x03_board_592.csv,Sliding,False,52,2.19540189742749,0.0052469000074779615
03x03_board_593.csv,Sliding,False,46,1.7782794100389228,0.0004285000031813979
03x03_board_594.csv,Sliding,False,23,1.8171205928321397,0.0002106000029016286
03x03_board_595.csv,Sliding,False,41,1.6702776523348104,0.000814600003650412
03x03_board_596.csv,Sliding,False,69,2.1169328630254585,0.009329400010756217
03x03_board_597.csv,Sliding,False,60,1.7817974362806785,0.00255799999285955
03x03_board_598.csv,Sliding,False,33,2.0,0.0005422999965958297
03x03_board_599.csv,Sliding,False,86,1.9165004408834525,0.03373860000283457
03x03_board_600.csv,Sliding,False,80,1.5539422134578937,0.0016592000029049814
03x03_board_601.csv,Sliding,False,49,1.615394266202178,0.000714000008883886
03x03_board_602.csv,Sliding,False,59,1.8493111942973237,0.0036357999924803153
03x03_board_603.csv,Sliding,False,51,1.8612097182041991,0.0007460999913746491
03x03_board_604.csv,Sliding,False,79,2.125519790778576,0.01861800000187941
03x03_board_605.csv,Sliding,False,45,2.2239800905693152,0.0005827999993925914
03x03_board_606.csv,Sliding,False,44,1.8171205928321397,0.0003525000065565109
03x03_board_607.csv,Sliding,False,39,2.23606797749979,0.0023790999985067174
03x03_board_608.csv,Sliding,False,41,1.681792830507429,0.00046460000157821923
03x03_board_609.csv,Sliding,False,27,1.912931182772389,0.0002921999985119328
03x03_board_610.csv,Sliding,False,95,1.487399348620308,0.0023720999888610095
03x03_board_611.csv,Sliding,False,20,2.0,0.0002384999970672652
03x03_board_612.csv,Sliding,False,61,2.0102835672168715,0.005501499996171333
03x03_board_613.csv,Sliding,False,37,1.7320508075688772,0.000420599986682646
03x03_board_614.csv,Sliding,False,36,1.681792830507429,0.00030870000773575157
03x03_board_615.csv,Sliding,False,31,1.912931182772389,0.000513100007083267
03x03_board_616.csv,Sliding,False,54,1.8612097182041991,0.0007215000077849254
03x03_board_617.csv,Sliding,False,0,undefined,2.900007530115545e-06
03x03_board_618.csv,Sliding,False,37,1.7782794100389228,0.0006125000072643161
03x03_board_619.csv,Sliding,False,109,1.668290386219033,0.01081779999367427
03x03_board_620.csv,Sliding,False,93,1.7343755773595237,0.00878950000333134
03x03_board_621.csv,Sliding,False,56,2.0300948992124868,0.0036345999978948385
03x03_board_622.csv,Sliding,False,16,2.0,0.0003761999978451058
03x03_board_623.csv,Sliding,False,64,1.615394266202178,0.0004712000081781298
03x03_board_624.csv,Sliding,False,58,2.0489842492826553,0.007592800000566058
03x03_board_625.csv,Sliding,False,52,1.7187719275874789,0.0010732999944593757
03x03_board_626.csv,Sliding,False,60,1.7525634526717522,0.010377600003266707
03x03_board_627.csv,Sliding,False,73,1.6643602759675347,0.014081600005738437
03x03_board_628.csv,Sliding,False,71,1.6685104410268252,0.003565499995602295
03x03_board_629.csv,Sliding,False,63,1.5524632891554087,0.0007820999890100211
03x03_board_630.csv,Sliding,False,54,2.2123568222761167,0.0050728000060189515
03x03_board_631.csv,Sliding,False,32,1.8171205928321397,0.0002629999944474548
03x03_board_632.csv,Sliding,False,147,1.5799253168362406,0.2490996999986237
03x03_board_633.csv,Sliding,False,20,2.0,0.0004984000115655363
03x03_board_634.csv,Sliding,False,89,1.9306104989802708,0.03269210000871681
03x03_board_635.csv,Sliding,False,59,1.762340347832317,0.001330800005234778
03x03_board_636.csv,Sliding,False,63,2.168563897016068,0.012073500009137206
03x03_board_637.csv,Sliding,False,83,1.782051506377989,0.08199669999885373
03x03_board_638.csv,Sliding,False,41,1.681792830507429,0.0003910000086762011
03x03_board_639.csv,Sliding,False,83,1.6486864043382532,0.005287399995722808
03x03_board_640.csv,Sliding,False,65,1.6437518295172258,0.0007551000016974285
03x03_board_641.csv,Sliding,False,69,1.9674543554115294,0.005500600003870204
03x03_board_642.csv,Sliding,False,83,1.498919872071562,0.0007579999946756288
03x03_board_643.csv,Sliding,False,44,1.661809162655884,0.0027454000082798302
03x03_board_644.csv,Sliding,False,54,2.172025317604869,0.016903199997614138
03x03_board_645.csv,Sliding,False,99,2.0512728951405492,0.27363989999867044
03x03_board_646.csv,Sliding,False,46,1.6952182030724354,0.0005271999980323017
03x03_board_647.csv,Sliding,False,50,1.681792830507429,0.0003201999934390187
03x03_board_648.csv,Sliding,False,31,1.912931182772389,0.0004923999949824065
03x03_board_649.csv,Sliding,False,14,2.0,0.00026590000197757035
03x03_board_650.csv,Sliding,False,76,1.7826866880669934,0.007612300003529526
03x03_board_651.csv,Sliding,False,109,1.5518455739153598,0.007342400000197813
03x03_board_652.csv,Sliding,False,68,2.2052084099001346,0.016583300006459467
03x03_board_653.csv,Sliding,False,86,1.8703941207742565,0.16568600000755396
03x03_board_654.csv,Sliding,False,58,2.12396717987359,0.03233580000232905
03x03_board_655.csv,Sliding,False,42,1.7782794100389228,0.0013814000121783465
03x03_board_656.csv,Sliding,False,79,1.886389086098242,0.007724199997028336
03x03_board_657.csv,Sliding,False,91,2.002224705109137,0.018233900002087466
03x03_board_658.csv,Sliding,False,36,1.681792830507429,0.00043139999615959823
03x03_board_659.csv,Sliding,False,123,1.7153538623377682,0.2726078999985475
03x03_board_660.csv,Sliding,False,56,1.687698808799467,0.0017278000013902783
03x03_board_661.csv,Sliding,False,84,1.5229269982187534,0.0007214999932330102
03x03_board_662.csv,Sliding,False,43,2.358655818240736,0.007344599987845868
03x03_board_663.csv,Sliding,False,44,1.8988289221159418,0.0007706000033067539
03x03_board_664.csv,Sliding,False,92,1.6219484779914277,0.007317800002056174
03x03_board_665.csv,Sliding,False,45,1.5848931924611136,0.0003724000125657767
03x03_board_666.csv,Sliding,False,63,1.7425811234704864,0.0021081000013509765
03x03_board_667.csv,Sliding,False,74,2.0489842492826553,0.003731600008904934
03x03_board_668.csv,Sliding,False,48,1.9036539387158786,0.001796900003682822
03x03_board_669.csv,Sliding,False,137,1.6477373836906415,0.17575470000156201
03x03_board_670.csv,Sliding,False,61,2.365082768636564,0.006251399987377226
03x03_board_671.csv,Sliding,False,45,2.0597671439071177,0.0016537999908905476
03x03_board_672.csv,Sliding,False,56,2.004434676915777,0.015630900001269765
03x03_board_673.csv,Sliding,False,73,1.661000956165023,0.0010390000097686425
03x03_board_674.csv,Sliding,False,110,1.8159607634434933,0.05477689999679569
03x03_board_675.csv,Sliding,False,49,1.8019831273171423,0.0014878000074531883
03x03_board_676.csv,Sliding,False,17,2.0,9.689999569673091e-05
03x03_board_677.csv,Sliding,False,56,1.7998921637913432,0.0014430000010179356
03x03_board_678.csv,Sliding,False,49,2.2447861343640922,0.005027399995015003
03x03_board_679.csv,Sliding,False,77,2.08121924393755,0.12092820000543725
03x03_board_680.csv,Sliding,False,27,1.8171205928321397,0.00042290000419598073
03x03_board_681.csv,Sliding,False,42,1.8171205928321397,0.0004954000032739714
03x03_board_682.csv,Sliding,False,9,2.0,0.00010819999442901462
03x03_board_683.csv,Sliding,False,70,1.838416287252544,0.0008674999990034848
03x03_board_684.csv,Sliding,False,13,2.0,0.00011010000889655203
03x03_board_685.csv,Sliding,False,56,1.615394266202178,0.0005011000030208379
03x03_board_686.csv,Sliding,False,42,1.8612097182041991,0.0004807999939657748
03x03_board_687.csv,Sliding,False,49,1.681792830507429,0.0006340999971143901
03x03_board_688.csv,Sliding,False,62,1.5448576602501738,0.0008950999908847734
03x03_board_689.csv,Sliding,False,18,2.0,0.00031999999191612005
03x03_board_690.csv,Sliding,False,50,1.8254374411756633,0.003231199996662326
03x03_board_691.csv,Sliding,False,48,1.906368585993873,0.005915899993851781
03x03_board_692.csv,Sliding,False,45,1.6437518295172258,0.0008472000045003369
03x03_board_693.csv,Sliding,False,81,1.8644105355008187,0.0020115000079385936
03x03_board_694.csv,Sliding,False,131,1.645821912216016,0.02246129998820834
03x03_board_695.csv,Sliding,False,31,2.080083823051904,0.0007308999920496717
03x03_board_696.csv,Sliding,False,70,1.8171205928321397,0.0032441000075777993
03x03_board_697.csv,Sliding,False,42,2.1505600128111397,0.003349899998283945
03x03_board_698.csv,Sliding,False,155,1.7102756202265788,0.7966469000093639
03x03_board_699.csv,Sliding,False,14,2.0,0.00011929999163839966
03x03_board_700.csv,Sliding,False,16,2.0,0.00038940001104492694
03x03_board_701.csv,Sliding,False,48,1.9679896712654303,0.0013140999944880605
03x03_board_702.csv,Sliding,False,73,2.1509269329111462,0.039232700000866316
03x03_board_703.csv,Sliding,False,61,2.267290901414729,0.1009180999972159
03x03_board_704.csv,Sliding,False,51,1.6702776523348104,0.0010993000032613054
03x03_board_705.csv,Sliding,False,90,1.752590732761175,0.010856099994271062
03x03_board_706.csv,Sliding,False,40,2.7232698153315003,0.005101999995531514
03x03_board_707.csv,Sliding,False,85,1.697681188298323,0.0070687999977963045
03x03_board_708.csv,Sliding,False,69,1.912931182772389,0.0021286999981384724
03x03_board_709.csv,Sliding,False,56,1.5848931924611136,0.00044689999776892364
03x03_board_710.csv,Sliding,False,57,1.6702776523348104,0.0009071999957086518
03x03_board_711.csv,Sliding,False,36,1.7320508075688772,0.00040699999954085797
03x03_board_712.csv,Sliding,False,77,1.5650845800732873,0.0017316000012215227
03x03_board_713.csv,Sliding,False,49,1.7585038958500605,0.004982900005416013
03x03_board_714.csv,Sliding,False,27,2.0,0.00021839998953510076
03x03_board_715.csv,Sliding,False,37,2.6723451177837885,0.005322099998011254
03x03_board_716.csv,Sliding,False,44,1.6952182030724354,0.0005740000051446259
03x03_board_717.csv,Sliding,False,73,1.5746101062584457,0.0010403999913251027
03x03_board_718.csv,Sliding,False,61,1.615394266202178,0.00048219999007415026
03x03_board_719.csv,Sliding,False,40,1.5848931924611136,0.0004523999959928915
03x03_board_720.csv,Sliding,False,44,1.8171205928321397,0.0004292999947210774
03x03_board_721.csv,Sliding,False,94,1.661809162655884,0.0015655000024707988
03x03_board_722.csv,Sliding,False,32,1.681792830507429,0.00046300000394694507
03x03_board_723.csv,Sliding,False,58,1.6096700429718274,0.002190699990023859
03x03_board_724.csv,Sliding,False,54,1.7782794100389228,0.0004808999947272241
03x03_board_725.csv,Sliding,False,86,1.764731657031969,0.024689800004125573
03x03_board_726.csv,Sliding,False,22,1.7782794100389228,0.0008297999884234741
03x03_board_727.csv,Sliding,False,64,1.888175022589804,0.001072199986083433
03x03_board_728.csv,Sliding,False,36,2.0,0.0006339999963529408
03x03_board_729.csv,Sliding,False,38,2.340347319320716,0.002021100008278154
03x03_board_730.csv,Sliding,False,74,1.98864779527583,0.018134800004190765
03x03_board_731.csv,Sliding,False,59,1.7225554709126916,0.003914200002327561
03x03_board_732.csv,Sliding,False,43,1.7320508075688772,0.0004354999982751906
03x03_board_733.csv,Sliding,False,41,1.7817974362806785,0.0027483000012580305
03x03_board_734.csv,Sliding,False,52,1.888175022589804,0.0020228000066708773
03x03_board_735.csv,Sliding,False,52,2.622311847181126,0.015491300000576302
03x03_board_736.csv,Sliding,False,39,1.8211602868378718,0.0004484999954001978
03x03_board_737.csv,Sliding,False,54,1.534127404634391,0.0014862000098219141
03x03_board_738.csv,Sliding,False,17,2.0,0.0003605999954743311
03x03_board_739.csv,Sliding,False,129,1.8469885262704462,0.16334810000262223
03x03_board_740.csv,Sliding,False,22,1.8171205928321397,0.0002749999985098839
03x03_board_741.csv,Sliding,False,46,1.7826024579660034,0.0007875000010244548
03x03_board_742.csv,Sliding,False,94,1.9681203346001435,0.20573570000124164
03x03_board_743.csv,Sliding,False,53,1.721190305691782,0.0019705000013345852
03x03_board_744.csv,Sliding,False,19,2.0,0.00017479999223724008
03x03_board_745.csv,Sliding,False,71,1.9579564767482798,0.4323413999954937
03x03_board_746.csv,Sliding,False,76,1.945222268475182,0.016922499999054708
03x03_board_747.csv,Sliding,False,72,1.8874473357384198,0.08188130000780802
03x03_board_748.csv,Sliding,False,94,1.763547269811771,0.02625840000109747
03x03_board_749.csv,Sliding,False,10,2.0,0.00010689999908208847
03x03_board_750.csv,Sliding,False,62,1.7320508075688772,0.0011177999986102805
03x03_board_751.csv,Sliding,False,26,1.7320508075688772,0.00035539999953471124
03x03_board_752.csv,Sliding,False,130,1.7243059114220614,1.1128921999916201
03x03_board_753.csv,Sliding,False,70,1.762340347832317,0.0006690000009257346
03x03_board_754.csv,Sliding,False,87,1.65667160341297,0.009527399990474805
03x03_board_755.csv,Sliding,False,57,1.762340347832317,0.0007240999984787777
03x03_board_756.csv,Sliding,False,67,1.8347860702154204,0.00964219999150373
03x03_board_757.csv,Sliding,False,53,1.7320508075688772,0.004169799998635426
03x03_board_758.csv,Sliding,False,66,1.994757430841252,0.005657700006850064
03x03_board_759.csv,Sliding,False,62,1.7723940454626315,0.0014580000133719295
03x03_board_760.csv,Sliding,False,18,2.0,0.00028870000096503645
03x03_board_761.csv,Sliding,False,47,2.300326633791206,0.001990199991269037
03x03_board_762.csv,Sliding,False,29,2.0,0.00026530001196078956
03x03_board_763.csv,Sliding,False,23,1.8171205928321397,0.0002562000008765608
03x03_board_764.csv,Sliding,False,19,1.8171205928321397,0.00025830000231508166
03x03_board_765.csv,Sliding,False,108,1.690659793923998,0.22810690000187606
03x03_board_766.csv,Sliding,False,98,1.9306104989802708,0.030860700004268438
03x03_board_767.csv,Sliding,False,69,1.7411011265922482,0.001536000010673888
03x03_board_768.csv,Sliding,False,69,1.6188704068605666,0.0012244999961694703
03x03_board_769.csv,Sliding,False,34,1.681792830507429,0.00036689999978989363
03x03_board_770.csv,Sliding,False,48,1.7909590531320996,0.00249430000258144
03x03_board_771.csv,Sliding,False,12,2.0,0.00019239999528508633
03x03_board_772.csv,Sliding,False,32,1.8171205928321397,0.0003259000077378005
03x03_board_773.csv,Sliding,False,81,2.1566514513222597,0.0713028000027407
03x03_board_774.csv,Sliding,False,69,1.969633425303574,0.03142689999367576
03x03_board_775.csv,Sliding,False,80,1.7302122945076113,0.0799094999965746
03x03_board_776.csv,Sliding,False,58,1.8019831273171423,0.001328400001511909
03x03_board_777.csv,Sliding,False,32,1.8171205928321397,0.00029579999682027847
03x03_board_778.csv,Sliding,False,43,1.6863768795413334,0.0022723000001860783
03x03_board_779.csv,Sliding,False,80,1.7632956017130763,0.002710900007514283
03x03_board_780.csv,Sliding,False,79,1.5448576602501738,0.0008034999918891117
03x03_board_781.csv,Sliding,False,59,1.6437518295172258,0.0005227000074228272
03x03_board_782.csv,Sliding,False,62,1.6188704068605666,0.0007578000077046454
03x03_board_783.csv,Sliding,False,89,1.7262015543578295,0.1604283999913605
03x03_board_784.csv,Sliding,False,71,1.8272037906136596,0.0033761999948183075
03x03_board_785.csv,Sliding,False,89,2.1705766284300094,0.08276060000935104
03x03_board_786.csv,Sliding,False,75,1.6938139800964527,0.00384850001137238
03x03_board_787.csv,Sliding,False,68,1.8556007362580844,0.002181799995014444
03x03_board_788.csv,Sliding,False,34,1.7320508075688772,0.00040260000969283283
03x03_board_789.csv,Sliding,False,11,2.0,0.0001900000061141327
03x03_board_790.csv,Sliding,False,66,1.9251335733694244,0.01066529999661725
03x03_board_791.csv,Sliding,False,52,2.121747460841898,0.0037108999968040735
03x03_board_792.csv,Sliding,False,29,2.0,0.0002043999993475154
03x03_board_793.csv,Sliding,False,62,2.067041044995942,0.007058999995933846
03x03_board_794.csv,Sliding,False,20,1.8171205928321397,0.00029240000003483146
03x03_board_795.csv,Sliding,False,64,2.024397458499885,0.0025973000010708347
03x03_board_796.csv,Sliding,False,47,1.681792830507429,0.0003626000107033178
03x03_board_797.csv,Sliding,False,50,2.6321480259049848,0.003788200003327802
03x03_board_798.csv,Sliding,False,28,1.912931182772389,0.00042799999937415123
03x03_board_799.csv,Sliding,False,24,2.0,0.00018659999477677047
03x03_board_800.csv,Sliding,False,92,1.7266463162157244,0.008509399995091371
03x03_board_801.csv,Sliding,False,82,1.7905186905416268,0.005012599998735823
03x03_board_802.csv,Sliding,False,40,1.7782794100389228,0.000734600005671382
03x03_board_803.csv,Sliding,False,45,1.681792830507429,0.000371300004189834
03x03_board_804.csv,Sliding,False,86,1.8280697439312121,0.0501905999990413
03x03_board_805.csv,Sliding,False,39,1.912931182772389,0.00032950000604614615
03x03_board_806.csv,Sliding,False,84,1.573118124014776,0.005815999989863485
03x03_board_807.csv,Sliding,False,15,2.0,0.0001914000022225082
03x03_board_808.csv,Sliding,False,59,1.8073765780529691,0.008011399986571632
03x03_board_809.csv,Sliding,False,98,1.711769859409705,0.019967100000940263
03x03_board_810.csv,Sliding,False,33,1.8171205928321397,0.00028309998742770404
03x03_board_811.csv,Sliding,False,44,1.6952182030724354,0.001310200008447282
03x03_board_812.csv,Sliding,False,53,1.5848931924611136,0.0003834999952232465
03x03_board_813.csv,Sliding,False,116,1.6855410287001795,0.5491310999932466
03x03_board_814.csv,Sliding,False,80,1.5665310257218434,0.004914200006169267
03x03_board_815.csv,Sliding,False,66,1.8814273653742837,0.02163079999445472
03x03_board_816.csv,Sliding,False,57,1.7099759466766968,0.0010197000083280727
03x03_board_817.csv,Sliding,False,95,1.6464525534705015,0.002697700008866377
03x03_board_818.csv,Sliding,False,49,1.6437518295172258,0.0005243000050541013
03x03_board_819.csv,Sliding,False,26,1.8171205928321397,0.000294400000711903
03x03_board_820.csv,Sliding,False,78,2.033937009794431,0.02047639999364037
03x03_board_821.csv,Sliding,False,82,1.6486864043382532,0.004799499991349876
03x03_board_822.csv,Sliding,False,38,2.0597671439071177,0.00115640000149142
03x03_board_823.csv,Sliding,False,62,1.8272037906136596,0.006316899991361424
03x03_board_824.csv,Sliding,False,81,1.6035216215125492,0.000702000004821457
03x03_board_825.csv,Sliding,False,45,1.7320508075688772,0.000381799996830523
03x03_board_826.csv,Sliding,False,83,1.6586206468025637,0.010658200000762008
03x03_board_827.csv,Sliding,False,66,1.7528025632357591,0.0020010000007459894
03x03_board_828.csv,Sliding,False,27,1.888175022589804,0.0017976999952225015
03x03_board_829.csv,Sliding,False,27,1.8171205928321397,0.00041819999751169235
03x03_board_830.csv,Sliding,False,42,1.615394266202178,0.0006826000026194379
03x03_board_831.csv,Sliding,False,37,2.771488002476036,0.0055151999986264855
03x03_board_832.csv,Sliding,False,12,2.0,0.0001660999987507239
03x03_board_833.csv,Sliding,False,66,1.6188704068605666,0.0011717000015778467
03x03_board_834.csv,Sliding,False,53,2.4258048343234657,0.008410499998717569
03x03_board_835.csv,Sliding,False,94,1.8914277723080228,0.1025050000025658
03x03_board_836.csv,Sliding,False,87,1.5448576602501738,0.0008381999941775575
03x03_board_837.csv,Sliding,False,58,1.6437518295172258,0.000528500007931143
03x03_board_838.csv,Sliding,False,61,1.5130857494229015,0.0005038000090280548
03x03_board_839.csv,Sliding,False,74,1.8032500613706721,0.007184600006439723
03x03_board_840.csv,Sliding,False,52,1.7425811234704864,0.0011799999920185655
03x03_board_841.csv,Sliding,False,22,1.8171205928321397,0.00044269999489188194
03x03_board_842.csv,Sliding,False,76,1.7990660963185756,0.004997800002456643
03x03_board_843.csv,Sliding,False,52,1.838416287252544,0.0015293000033125281
03x03_board_844.csv,Sliding,False,21,2.0,0.0005495999939739704
03x03_board_845.csv,Sliding,False,123,1.851208252049959,0.2621736000000965
03x03_board_846.csv,Sliding,False,30,2.087797629929844,0.0014423000102397054
03x03_board_847.csv,Sliding,False,38,2.395577915309199,0.031829400002607144
03x03_board_848.csv,Sliding,False,37,2.0,0.00042290000419598073
03x03_board_849.csv,Sliding,False,53,1.762340347832317,0.0011510000040289015
03x03_board_850.csv,Sliding,False,92,1.5665310257218434,0.004870700009632856
03x03_board_851.csv,Sliding,False,39,1.681792830507429,0.0003284000122221187
03x03_board_852.csv,Sliding,False,59,2.5413306424150433,0.012489400003687479
03x03_board_853.csv,Sliding,False,44,1.6702776523348104,0.0007717999978922307
03x03_board_854.csv,Sliding,False,63,1.7099759466766968,0.0017338000034214929
03x03_board_855.csv,Sliding,False,46,1.7782794100389228,0.000676199997542426
03x03_board_856.csv,Sliding,False,80,1.7772198149200693,0.0030313000024762005
03x03_board_857.csv,Sliding,False,99,1.787493302986529,0.03877389999979641
03x03_board_858.csv,Sliding,False,98,1.7717076061597012,0.031177700002444908
03x03_board_859.csv,Sliding,False,48,1.7826024579660034,0.0013467999960994348
03x03_board_860.csv,Sliding,False,105,1.7758875369596256,0.07904890000645537
03x03_board_861.csv,Sliding,False,39,1.7782794100389228,0.00045310000132303685
03x03_board_862.csv,Sliding,False,115,1.7216870069261192,0.05187070000101812
03x03_board_863.csv,Sliding,False,50,1.961009057454548,0.0026276999997207895
03x03_board_864.csv,Sliding,False,55,1.7320508075688772,0.0004932000010740012
03x03_board_865.csv,Sliding,False,60,1.7170342325408499,0.004094599993550219
03x03_board_866.csv,Sliding,False,9,2.0,0.00015919998986646533
03x03_board_867.csv,Sliding,False,59,2.141127368338324,0.0033660000044619665
03x03_board_868.csv,Sliding,False,16,1.8171205928321397,0.0002632999967318028
03x03_board_869.csv,Sliding,False,27,1.912931182772389,0.0005260000034468248
03x03_board_870.csv,Sliding,False,101,1.7041345381432695,0.09630679999827407
03x03_board_871.csv,Sliding,False,92,1.8324812802036095,0.044153900002129376
03x03_board_872.csv,Sliding,False,56,1.8019831273171423,0.001382599992211908
03x03_board_873.csv,Sliding,False,53,1.5524632891554087,0.000610099988989532
03x03_board_874.csv,Sliding,False,30,1.912931182772389,0.00047169999743346125
03x03_board_875.csv,Sliding,False,29,1.8171205928321397,0.0002961999998660758
03x03_board_876.csv,Sliding,False,85,2.1566514513222597,0.03528389999701176
03x03_board_877.csv,Sliding,False,53,1.615394266202178,0.0008588000055169687
03x03_board_878.csv,Sliding,False,38,1.7320508075688772,0.0004588000010699034
03x03_board_879.csv,Sliding,False,39,1.681792830507429,0.0003995000006398186
03x03_board_880.csv,Sliding,False,0,undefined,3.300010575912893e-06
03x03_board_881.csv,Sliding,False,62,1.6437518295172258,0.0005515000084415078
03x03_board_882.csv,Sliding,False,53,1.933182044931763,0.0023425999970640987
03x03_board_883.csv,Sliding,False,69,1.511209390509403,0.000763599993661046
03x03_board_884.csv,Sliding,False,125,1.662251247596819,0.06092250000801869
03x03_board_885.csv,Sliding,False,85,1.7225554709126916,0.0031887999939499423
03x03_board_886.csv,Sliding,False,98,1.7611169203022408,0.02885059999243822
03x03_board_887.csv,Sliding,False,67,2.3126783696051127,0.023090000002412125
03x03_board_888.csv,Sliding,False,23,1.8171205928321397,0.0004302000015741214
03x03_board_889.csv,Sliding,False,21,2.0,0.0002049000031547621
03x03_board_890.csv,Sliding,False,61,1.9343364202676694,0.0009036999981617555
03x03_board_891.csv,Sliding,False,64,1.9193831036664843,0.004703500002506189
03x03_board_892.csv,Sliding,False,70,1.7528025632357591,0.0023313999990932643
03x03_board_893.csv,Sliding,False,21,2.0,0.00022259999241214246
03x03_board_894.csv,Sliding,False,39,2.2239800905693152,0.0007444000075338408
03x03_board_895.csv,Sliding,False,98,1.7390572516393779,0.06262820000119973
03x03_board_896.csv,Sliding,False,86,1.803641220610376,0.01504880000720732
03x03_board_897.csv,Sliding,False,76,1.67893539542235,0.01294689999485854
03x03_board_898.csv,Sliding,False,45,1.8612097182041991,0.0008110000053420663
03x03_board_899.csv,Sliding,False,46,2.578582139864186,0.013042699996731244
03x03_board_900.csv,Sliding,False,45,1.7187719275874789,0.0006438000127673149
03x03_board_901.csv,Sliding,False,27,1.912931182772389,0.0005979999987175688
03x03_board_902.csv,Sliding,False,68,2.1922352824697744,0.012608099990757182
03x03_board_903.csv,Sliding,False,66,1.9048599730777465,0.007238900012453087
03x03_board_904.csv,Sliding,False,61,2.1580105439510335,0.012738099991111085
03x03_board_905.csv,Sliding,False,109,1.7478160495273103,0.08843150000029709
03x03_board_906.csv,Sliding,False,76,1.6437518295172258,0.02054399999906309
03x03_board_907.csv,Sliding,False,69,1.8701222535385968,0.004320699998061173
03x03_board_908.csv,Sliding,False,25,1.912931182772389,0.0003456999984337017
03x03_board_909.csv,Sliding,False,39,1.8171205928321397,0.0002708999963942915
03x03_board_910.csv,Sliding,False,51,1.8988289221159418,0.0009030999935930595
03x03_board_911.csv,Sliding,False,74,1.509803648477105,0.0013770000077784061
03x03_board_912.csv,Sliding,False,90,1.9226462409322054,0.11332950000360142
03x03_board_913.csv,Sliding,False,42,1.8988289221159418,0.000906000001123175
03x03_board_914.csv,Sliding,False,58,1.7411011265922482,0.0007436000014422461
03x03_board_915.csv,Sliding,False,58,1.8205642030260802,0.0016808000073069707
03x03_board_916.csv,Sliding,False,31,1.7782794100389228,0.0006499000010080636
03x03_board_917.csv,Sliding,False,30,2.0,0.00035289999505039304
03x03_board_918.csv,Sliding,False,98,1.6140542384620635,0.007355599998845719
03x03_board_919.csv,Sliding,False,36,2.7144176165949063,0.0013605999993160367
03x03_board_920.csv,Sliding,False,97,1.785334468655228,0.07949950000329409
03x03_board_921.csv,Sliding,False,28,2.0,0.00017689999367576092
03x03_board_922.csv,Sliding,False,89,2.2382962581469394,0.2540356000099564
03x03_board_923.csv,Sliding,False,135,1.8311111280217636,0.1698742000007769
03x03_board_924.csv,Sliding,False,29,2.0,0.001358200010145083
03x03_board_925.csv,Sliding,False,41,1.5848931924611136,0.0004557999927783385
03x03_board_926.csv,Sliding,False,39,2.1657367706679937,0.0014203000027919188
03x03_board_927.csv,Sliding,False,25,1.8171205928321397,0.0002626999921631068
03x03_board_928.csv,Sliding,False,100,1.717237984502444,0.01972290000412613
03x03_board_929.csv,Sliding,False,68,1.8335690351876481,0.0030057999974815175
03x03_board_930.csv,Sliding,False,25,1.8211602868378718,0.0009566999942762777
03x03_board_931.csv,Sliding,False,62,2.0476725110792193,0.0029427999979816377
03x03_board_932.csv,Sliding,False,35,1.8171205928321397,0.00024259999918285757
03x03_board_933.csv,Sliding,False,8,2.0,0.00012110000534448773
03x03_board_934.csv,Sliding,False,71,1.6335243030704945,0.0013524999958463013
03x03_board_935.csv,Sliding,False,57,1.8789221206122575,0.0019296000100439414
03x03_board_936.csv,Sliding,False,27,2.0,0.00018369998724665493
03x03_board_937.csv,Sliding,False,64,1.6475489724420656,0.001083499999367632
03x03_board_938.csv,Sliding,False,38,1.8211602868378718,0.0009388000034959987
03x03_board_939.csv,Sliding,False,79,1.910785116404807,0.01036309999471996
03x03_board_940.csv,Sliding,False,63,2.639015821545789,0.017058400000678375
03x03_board_941.csv,Sliding,False,44,1.681792830507429,0.0004002999921794981
03x03_board_942.csv,Sliding,False,27,2.0,0.00025260000256821513
03x03_board_943.csv,Sliding,False,41,1.681792830507429,0.00034149999555666
03x03_board_944.csv,Sliding,False,74,2.0396489026555056,0.003557200005161576
03x03_board_945.csv,Sliding,False,52,1.8767307888722733,0.008986100001493469
03x03_board_946.csv,Sliding,False,75,1.5551585367634633,0.0010343999892938882
03x03_board_947.csv,Sliding,False,26,2.5198420997897464,0.0010076000035041943
03x03_board_948.csv,Sliding,False,35,1.8211602868378718,0.0007584999984828755
03x03_board_949.csv,Sliding,False,54,2.2142892834746917,0.054720300002372824
03x03_board_950.csv,Sliding,False,83,1.900229758962657,0.027001199996448122
03x03_board_951.csv,Sliding,False,33,1.8171205928321397,0.0002640000020619482
03x03_board_952.csv,Sliding,False,30,2.0,0.00018770000315271318
03x03_board_953.csv,Sliding,False,33,2.0361680046403983,0.001444399997126311
03x03_board_954.csv,Sliding,False,21,1.912931182772389,0.0005241999897407368
03x03_board_955.csv,Sliding,False,62,1.6702776523348104,0.0005405999982031062
03x03_board_956.csv,Sliding,False,44,2.034899935972984,0.0065993000025628135
03x03_board_957.csv,Sliding,False,49,1.9343364202676694,0.000822000001790002
03x03_board_958.csv,Sliding,False,60,2.1285335083299706,0.010734499999671243
03x03_board_959.csv,Sliding,False,57,1.681792830507429,0.00033880000410135835
03x03_board_960.csv,Sliding,False,113,1.6249778839784477,0.0038551000034203753
03x03_board_961.csv,Sliding,False,33,1.6702776523348104,0.0008916999940993264
03x03_board_962.csv,Sliding,False,31,1.7320508075688772,0.0005877999938093126
03x03_board_963.csv,Sliding,False,52,1.933182044931763,0.0022234000061871484
03x03_board_964.csv,Sliding,False,27,2.154434690031884,0.0006880000000819564
03x03_board_965.csv,Sliding,False,66,1.9036539387158786,0.001712299999780953
03x03_board_966.csv,Sliding,False,32,2.0,0.0003873999958159402
03x03_board_967.csv,Sliding,False,68,1.6997994869342874,0.003223399995476939
03x03_board_968.csv,Sliding,False,86,1.871020215995243,0.02690199999778997
03x03_board_969.csv,Sliding,False,19,1.8171205928321397,0.0002660000027390197
03x03_board_970.csv,Sliding,False,107,1.7341773543266157,0.05332940000516828
03x03_board_971.csv,Sliding,False,86,1.6048394240239097,0.004218100002617575
03x03_board_972.csv,Sliding,False,78,2.002224705109137,0.008044800008065067
03x03_board_973.csv,Sliding,False,72,1.8230348832475665,0.014552799999364652
03x03_board_974.csv,Sliding,False,54,2.480993181587069,0.009355300004244782
03x03_board_975.csv,Sliding,False,47,1.7826024579660034,0.0012496999988798052
03x03_board_976.csv,Sliding,False,52,1.8612097182041991,0.0007277999975485727
03x03_board_977.csv,Sliding,False,66,1.7772198149200693,0.004684900006395765
03x03_board_978.csv,Sliding,False,76,1.8546672553993055,0.01811910000105854
03x03_board_979.csv,Sliding,False,88,1.6272506099369242,0.004174699992290698
03x03_board_980.csv,Sliding,False,38,1.681792830507429,0.0003986000083386898
03x03_board_981.csv,Sliding,False,32,1.681792830507429,0.0003352999920025468
03x03_board_982.csv,Sliding,False,12,2.0,0.00029659998835995793
03x03_board_983.csv,Sliding,False,33,1.8211602868378718,0.0009169000113615766
03x03_board_984.csv,Sliding,False,44,1.8171205928321397,0.0003065000055357814
03x03_board_985.csv,Sliding,False,42,1.7320508075688772,0.0006903000030433759
03x03_board_986.csv,Sliding,False,52,1.8335690351876481,0.0031291999912355095
03x03_board_987.csv,Sliding,False,17,2.0597671439071177,0.0012560000031953678
03x03_board_988.csv,Sliding,False,86,1.57045398358553,0.0017671999958110973
03x03_board_989.csv,Sliding,False,54,2.3324068738997483,0.021429500004160218
03x03_board_990.csv,Sliding,False,83,1.7211207504603792,0.005038499992224388
03x03_board_991.csv,Sliding,False,24,2.0,0.000371000001905486
03x03_board_992.csv,Sliding,False,108,1.703252021773724,0.03887399999075569
03x03_board_993.csv,Sliding,False,21,2.0,0.00017699999443721026
03x03_board_994.csv,Sliding,False,113,1.6986464646342474,0.01815350000106264
03x03_board_995.csv,Sliding,False,32,2.0,0.0005574999959208071
03x03_board_996.csv,Sliding,False,40,1.681792830507429,0.00044829999387729913
03x03_board_997.csv,Sliding,False,35,2.8189281105713073,0.025596499996026978
03x03_board_998.csv,Sliding,False,61,1.8767307888722733,0.004651800001738593
03x03_board_999.csv,Sliding,False,39,1.681792830507429,0.00034830000367946923
